subject,action,feature,group,U1,U2,D1,D2,L1,L2,R1,R2
subject_1,1,MAV,1,0.169748592785,0.032689543843,0.0882220384618,0.11031084969,0.0635975881247,0.279243790656,0.598529164136,0.787590743032
subject_1,1,ZC,1,0.0266528761238,0.0529079481263,0.00023868247275,0.0673084573156,0.01591216485,0.0801177500199,0.00819476489776,0.0850505211234
subject_1,1,SSC,1,0.00407316892542,0.0161198745958,0.0109111555457,0.0306104816214,0.0194524673529,0.0435211928213,0.0254017625713,0.0740823026982
subject_1,1,WL,1,0.162732193203,0.0530759306066,0.0845015163144,0.0484360512435,0.102737431581,0.248618351814,0.611690874147,0.782857725881
subject_1,1,MAV,2,0.222186633837,0.420872114813,0.0524880880843,0.0567486392875,0.44596054802,1.73298347787,0.116075287531,0.164702021832
subject_1,1,ZC,2,0.0749582405345,0.11776169265,0.0411330734967,0.0298580178174,0.0508073496659,0.118040089087,0.0440562360802,0.0512945434298
subject_1,1,SSC,2,0.0262488244731,0.0593848536815,0.000414891851524,0.00215743762793,0.0374509044642,0.0919953532113,0.00622337777286,0.010621231399
subject_1,1,WL,2,0.146876314974,0.25568082071,0.0699612947638,0.0748454426441,0.390565954972,1.48670809315,0.151113427342,0.201434772059
subject_1,1,MAV,3,0.0962168235545,0.296028634991,0.0492299548689,0.144652161919,0.163766518285,0.593868802025,0.324771057199,0.665031746657
subject_1,1,ZC,3,0.083045538511,0.0774235001205,0.041281824753,0.00979840976628,0.125291141274,0.101678580034,0.0540518833829,0.0139747811421
subject_1,1,SSC,3,0.0425521684777,0.055942879123,0.00449562457929,0.00927973843639,0.071833830176,0.0888787383402,0.00752476199635,0.0171891528032
subject_1,1,WL,3,0.0023237861286,0.229505098687,0.00126954164241,0.122757347523,0.0811364550529,0.568743456915,0.345068914701,0.685389559177
subject_1,1,MAV,4,0.0962168235545,0.296028634991,0.0492299548689,0.144652161919,0.163766518285,0.593868802025,0.324771057199,0.665031746657
subject_1,1,ZC,4,0.083045538511,0.0774235001205,0.041281824753,0.00979840976628,0.125291141274,0.101678580034,0.0540518833829,0.0139747811421
subject_1,1,SSC,4,0.0425521684777,0.055942879123,0.00449562457929,0.00927973843639,0.071833830176,0.0888787383402,0.00752476199635,0.0171891528032
subject_1,1,WL,4,0.0023237861286,0.229505098687,0.00126954164241,0.122757347523,0.0811364550529,0.568743456915,0.345068914701,0.685389559177
subject_1,2,MAV,1,0.154759910427,0.0105958461222,0.0411617402705,0.175666940236,0.022508753633,0.269232475503,0.149827448746,0.0378186302859
subject_1,2,ZC,1,0.0551161641127,0.147882682485,0.00321304992585,0.00848574724007,0.0308947108255,0.154720711814,0.0305651672434,0.0779370571758
subject_1,2,SSC,1,0.0405035021825,0.0288803167191,0.0110902446452,0.00317226677495,0.00304537610395,0.0456806415592,0.0502994619836,0.0319764490915
subject_1,2,WL,1,0.0972216765708,0.178557437097,0.0154641316831,0.135467242644,0.00071672234621,0.150029589978,0.168395124956,0.0258605605315
subject_1,2,MAV,2,0.185420837269,0.340470366471,0.00974360404807,0.00491048758063,0.563657908498,0.732419067429,0.392455130073,0.557311952504
subject_1,2,ZC,2,0.0387233043886,0.107877650004,0.0592192756004,0.144175858562,0.124462176328,0.0794805601189,0.131581006024,0.180004693734
subject_1,2,SSC,2,0.0275373115158,0.0610085026587,0.0033651005677,0.0198309743379,0.0445683166791,0.0631149014873,0.0404582701842,0.0698964782039
subject_1,2,WL,2,0.146959252862,0.263212119473,0.0627631628373,0.191160189673,0.42869522529,0.627200226327,0.310969149039,0.480170718487
subject_1,2,MAV,3,0.180280421924,0.393889842256,0.0376506653032,0.0707306450618,0.0254206374109,0.341920319065,0.0122436138793,0.36455489312
subject_1,2,ZC,3,0.00530524373366,0.0588190066123,0.045517453483,0.0148393049362,0.0868060894972,0.166077195141,0.0143010918038,0.10318314624
subject_1,2,SSC,3,0.0032782653588,0.0139132679401,0.0161848218895,0.0133711925658,0.0734899328859,0.105756324213,0.0171399070728,0.0448373773877
subject_1,2,WL,3,0.21089920459,0.347421368352,0.00445390580401,0.092838244564,0.107801879894,0.241374971727,0.0552499603227,0.567411395358
subject_1,2,MAV,4,0.180280421924,0.393889842256,0.0376506653032,0.0707306450618,0.0254206374109,0.341920319065,0.0122436138793,0.36455489312
subject_1,2,ZC,4,0.00530524373366,0.0588190066123,0.045517453483,0.0148393049362,0.0868060894972,0.166077195141,0.0143010918038,0.10318314624
subject_1,2,SSC,4,0.0032782653588,0.0139132679401,0.0161848218895,0.0133711925658,0.0734899328859,0.105756324213,0.0171399070728,0.0448373773877
subject_1,2,WL,4,0.21089920459,0.347421368352,0.00445390580401,0.092838244564,0.107801879894,0.241374971727,0.0552499603227,0.567411395358
subject_1,3,MAV,1,0.135671934786,0.0601607868741,0.00239804273562,0.0260649535543,0.0195358583506,0.218841284869,0.471515693506,0.651478685048
subject_1,3,ZC,1,0.0151418212839,0.0113741380536,0.021113243762,0.0631975545603,0.0479135565508,0.193360346911,0.0186251510628,0.130447145802
subject_1,3,SSC,1,0.0210191415011,0.0112919209305,0.0013299953059,0.0116309393418,0.0414384811975,0.0833985291817,0.0281385281385,0.0739581703437
subject_1,3,WL,1,0.123531077006,0.0667346261523,0.0165648885137,0.0824203608951,0.0305748994917,0.0521624858539,0.473710770193,0.621697560519
subject_1,3,MAV,2,0.123777371698,0.260541975594,0.0498433246031,0.0705091320382,0.288917460576,0.954464823406,0.154768866332,0.259635480748
subject_1,3,ZC,2,0.0205040831914,0.0229716232889,0.0489982962223,0.100170377769,0.0657423183127,0.158157570061,0.030667998355,0.0278479525292
subject_1,3,SSC,2,0.0045439981358,0.00128164049984,0.0171565057819,0.0468672628237,0.0343421397571,0.0855203751711,0.0064082024992,0.0105444059305
subject_1,3,WL,2,0.151388916846,0.295943402329,0.0895718360587,0.156155962841,0.200252682744,0.66977527515,0.129722178082,0.239608734935
subject_1,3,MAV,3,0.00773906096114,0.10065056839,0.120232462788,0.0953198902951,0.26930237138,0.604061882934,0.0296093010443,0.417464910432
subject_1,3,ZC,3,0.0126703499079,0.101731123389,0.0826519337017,0.0139963167587,0.014438305709,0.0455985267035,0.057532228361,0.0840515653775
subject_1,3,SSC,3,0.0220606731398,0.046636816421,0.0329023494491,0.00560949841525,0.0318961613926,0.0636413945766,0.0312924485586,0.0157216883836
subject_1,3,WL,3,0.0431711813691,0.00605642032682,0.0519964124744,0.0827038434196,0.257122217273,0.592817818253,0.00870607069773,0.457821114099
subject_1,3,MAV,4,0.00773906096114,0.10065056839,0.120232462788,0.0953198902951,0.26930237138,0.604061882934,0.0296093010443,0.417464910432
subject_1,3,ZC,4,0.0126703499079,0.101731123389,0.0826519337017,0.0139963167587,0.014438305709,0.0455985267035,0.057532228361,0.0840515653775
subject_1,3,SSC,4,0.0220606731398,0.046636816421,0.0329023494491,0.00560949841525,0.0318961613926,0.0636413945766,0.0312924485586,0.0157216883836
subject_1,3,WL,4,0.0431711813691,0.00605642032682,0.0519964124744,0.0827038434196,0.257122217273,0.592817818253,0.00870607069773,0.457821114099
subject_1,4,MAV,1,0.0550751682021,0.187059893547,0.00482607046954,0.0173124830831,0.110917260242,0.330243180114,0.0966269447559,0.132272882859
subject_1,4,ZC,1,0.00316191385276,0.000835222527145,0.0241617945353,0.0406872688223,0.0183748955972,0.0333492423339,0.00143181004653,0.00184942131011
subject_1,4,SSC,1,0.00726182928938,0.0169442683419,0.0122471327301,0.00723301250648,0.0101435075788,0.015561062763,0.0110656446314,0.0139473229209
subject_1,4,WL,1,0.0728748751475,0.214122486349,0.0338305347021,0.0233791242877,0.0914560019568,0.31738855505,0.0802250267658,0.101348373474
subject_1,4,MAV,2,0.145991142518,0.271319397144,0.0829559404573,0.190517800197,0.0739830009381,0.118101861371,0.0737013114792,0.164528449099
subject_1,4,ZC,2,0.00896461648065,0.00837093327001,0.00267157444787,0.0156138684398,0.00302778437426,0.00629304203277,0.00231536452149,0.0341961529328
subject_1,4,SSC,2,0.00287773883808,0.0129070860757,0.0122517594096,0.024645981138,0.00253582927316,0.000313417101177,0.012764623757,0.0221671367923
subject_1,4,WL,2,0.145546171287,0.272388394756,0.0868252062759,0.187048090853,0.0639603499408,0.0889693775682,0.0667602254945,0.14795532799
subject_1,4,MAV,3,0.117260481688,0.192247991319,0.129827938082,0.177015553147,0.338188802316,0.248257077558,0.011830405517,0.259574549695
subject_1,4,ZC,3,0.0481695568401,0.0683675503289,0.0221247757624,0.0124244236263,0.00179390073749,0.0301641086971,0.0403295462096,0.0645804265497
subject_1,4,SSC,3,0.0245543129222,0.0324161222456,0.00741889048832,0.00063669582549,0.0274886502048,0.0346583988484,0.00592403941978,0.0231425091352
subject_1,4,WL,3,0.0804207277558,0.159070918418,0.127784846451,0.216211711366,0.313155673129,0.265525857339,0.0251570031291,0.214196474417
subject_1,4,MAV,4,0.117260481688,0.192247991319,0.129827938082,0.177015553147,0.338188802316,0.248257077558,0.011830405517,0.259574549695
subject_1,4,ZC,4,0.0481695568401,0.0683675503289,0.0221247757624,0.0124244236263,0.00179390073749,0.0301641086971,0.0403295462096,0.0645804265497
subject_1,4,SSC,4,0.0245543129222,0.0324161222456,0.00741889048832,0.00063669582549,0.0274886502048,0.0346583988484,0.00592403941978,0.0231425091352
subject_1,4,WL,4,0.0804207277558,0.159070918418,0.127784846451,0.216211711366,0.313155673129,0.265525857339,0.0251570031291,0.214196474417
subject_1,5,MAV,1,0.136266485585,0.00367733723997,0.013747181176,0.00119228892801,0.00765610584764,0.193564589076,0.428211122521,0.687396217305
subject_1,5,ZC,1,0.0436261757054,0.0983256620639,0.0178106864118,0.126542592222,0.0538322993796,0.0550330198119,0.0611033286639,0.065039023414
subject_1,5,SSC,1,0.0237434554974,0.0550785340314,0.0126963350785,0.0556544502618,0.039057591623,0.0284816753927,0.0339005235602,0.0241884816754
subject_1,5,WL,1,0.171921686991,0.0755880844042,0.00985898333871,0.125364891706,0.0561875920036,0.145814282888,0.473288891096,0.711624053818
subject_1,5,MAV,2,0.169986896726,0.395267219935,0.0452318095173,0.0177955509131,0.569960425194,1.87164122413,0.18081574652,0.250410759643
subject_1,5,ZC,2,0.0689269486194,0.104089479203,0.0216008388675,0.0659909122684,0.0202027263195,0.0160782943027,0.0320167773506,0.0506815798672
subject_1,5,SSC,2,0.0152655847032,0.0394925365358,0.00312605830099,0.0297757053169,0.0191992080652,0.0288639383124,0.00359496704614,0.00729413603564
subject_1,5,WL,2,0.091741163973,0.239136419947,0.00699253543176,0.0629937883488,0.575820967141,1.87819570261,0.211187389649,0.292285100503
subject_1,5,MAV,3,0.150584872665,0.111968889933,0.0708957095019,0.170141344915,0.218577679501,0.564157350691,0.0737310405433,0.509018115234
subject_1,5,ZC,3,0.0429496497952,0.115897978063,0.069974890974,0.0364741641337,0.0854367649002,0.0249107968812,0.0142064226246,0.0712303422757
subject_1,5,SSC,3,0.0120529591729,0.0485810739529,0.0489503112143,0.0432007595738,0.0520097056652,0.0231828251925,0.0302247072476,0.0307521890495
subject_1,5,WL,3,0.105649671467,0.000379731658916,0.00227872956241,0.145928115825,0.152128624139,0.557208379365,0.0783536367698,0.536901471499
subject_1,5,MAV,4,0.150584872665,0.111968889933,0.0708957095019,0.170141344915,0.218577679501,0.564157350691,0.0737310405433,0.509018115234
subject_1,5,ZC,4,0.0429496497952,0.115897978063,0.069974890974,0.0364741641337,0.0854367649002,0.0249107968812,0.0142064226246,0.0712303422757
subject_1,5,SSC,4,0.0120529591729,0.0485810739529,0.0489503112143,0.0432007595738,0.0520097056652,0.0231828251925,0.0302247072476,0.0307521890495
subject_1,5,WL,4,0.105649671467,0.000379731658916,0.00227872956241,0.145928115825,0.152128624139,0.557208379365,0.0783536367698,0.536901471499
subject_1,6,MAV,1,0.176189712308,0.582132395623,0.286162224994,0.367108938671,0.00589204857986,0.193580686128,1.2653787728,1.30324886838
subject_1,6,ZC,1,0.0379429288178,0.0188773910317,0.0839134524929,0.200689871433,0.0482282847288,0.0176230793352,0.229037315773,0.279335214801
subject_1,6,SSC,1,0.0271332281658,0.0211960418758,0.071733830489,0.113035995985,0.0204789903915,0.0107270902051,0.158095511258,0.15479707443
subject_1,6,WL,1,0.210435194993,0.56639645584,0.162290542772,0.109480923028,0.042952371361,0.208397876142,0.752010286437,0.697467918515
subject_1,6,MAV,2,0.190893066619,0.359695433542,0.01688300283,0.0663945966593,0.494110153074,0.46954394354,0.378292753293,0.550175452695
subject_1,6,ZC,2,0.0841286390248,0.197048680728,0.0478787392734,0.182933675515,0.0784345176037,0.0141150052129,0.119095356484,0.200256636458
subject_1,6,SSC,2,0.035648004949,0.0763996288277,0.00938241055779,0.0161614599443,0.037787400763,0.0407516238788,0.0421692958037,0.0742602330137
subject_1,6,WL,2,0.139863543483,0.251497015973,0.0384804248329,0.137260792894,0.395608957863,0.440452113027,0.296967930243,0.462620280534
subject_1,6,MAV,3,0.070482207815,0.419016786078,0.0663700383717,0.249048913048,0.0398159939371,0.039748046153,0.42737186581,0.98846837112
subject_1,6,ZC,3,0.0098981077147,0.0724163027656,0.011499272198,0.0205240174672,0.0708879184862,0.032096069869,0.046943231441,0.00218340611354
subject_1,6,SSC,3,0.000241708070364,0.0421914865046,0.00185309520612,0.00585470659326,0.0526923593393,0.0457902511078,0.0417080703639,0.015845306835
subject_1,6,WL,3,0.0919619880668,0.322861387641,0.0602994672965,0.197177901032,0.0871936704087,0.0655244519411,0.380893799499,1.02061523772
subject_1,6,MAV,4,0.070482207815,0.419016786078,0.0663700383717,0.249048913048,0.0398159939371,0.039748046153,0.42737186581,0.98846837112
subject_1,6,ZC,4,0.0098981077147,0.0724163027656,0.011499272198,0.0205240174672,0.0708879184862,0.032096069869,0.046943231441,0.00218340611354
subject_1,6,SSC,4,0.000241708070364,0.0421914865046,0.00185309520612,0.00585470659326,0.0526923593393,0.0457902511078,0.0417080703639,0.015845306835
subject_1,6,WL,4,0.0919619880668,0.322861387641,0.0602994672965,0.197177901032,0.0871936704087,0.0655244519411,0.380893799499,1.02061523772
subject_1,7,MAV,1,0.18386433106,0.593290418157,0.118924779532,0.242273206953,0.497411656372,0.29454443002,0.0344248498917,0.0724154124754
subject_1,7,ZC,1,0.344770793302,0.470883494765,0.417513038704,0.451746990314,0.49017685581,0.451119563939,0.301007803616,0.296106035057
subject_1,7,SSC,1,0.00245615381663,0.0855816095483,0.0571439536401,0.0822043980504,0.106957823234,0.0527305522508,0.017154699313,0.00230264420309
subject_1,7,WL,1,0.112150696783,0.0283384257594,0.232920790985,0.200947560907,0.118847418304,0.179904570758,0.171893171466,0.25227394118
subject_1,7,MAV,2,0.143196928661,0.112915969243,0.14902210259,0.0397645718317,0.100785232519,0.22757494489,0.00324340417325,0.0425821806911
subject_1,7,ZC,2,0.0559514783927,0.021935809957,0.140965377811,0.0826383623958,0.0927470305787,0.0990649481931,0.0091988880465,0.0215820065706
subject_1,7,SSC,2,0.0174172776291,0.0183870592343,0.0250203654137,0.00554715078164,0.00845649559719,0.0281236665503,0.011598587998,0.00562473331006
subject_1,7,WL,2,0.0855771621313,0.0219941312384,0.00688708327131,0.0318088513025,0.00177406041001,0.109465064495,0.00122439098568,0.0612027668154
subject_1,7,MAV,3,0.227695114803,0.125095302485,0.254834714822,0.346932169999,0.903138520785,0.299953843332,0.120338784857,0.113321596637
subject_1,7,ZC,3,0.906203473945,0.15641025641,1.04483043838,0.037799834574,0.626302729529,0.594458229942,0.11670802316,0.00537634408602
subject_1,7,SSC,3,0.0749602927975,0.0263448656861,0.0584904357434,0.0218562253988,0.00611145639113,0.0223741454319,0.0438850908086,0.0256543056419
subject_1,7,WL,3,0.20662823908,0.00456394933544,0.187510807768,0.383914612164,1.87822255655,0.975328704478,0.0221616096548,0.124651791397
subject_1,7,MAV,4,0.227695114803,0.125095302485,0.254834714822,0.346932169999,0.903138520785,0.299953843332,0.120338784857,0.113321596637
subject_1,7,ZC,4,0.906203473945,0.15641025641,1.04483043838,0.037799834574,0.626302729529,0.594458229942,0.11670802316,0.00537634408602
subject_1,7,SSC,4,0.0749602927975,0.0263448656861,0.0584904357434,0.0218562253988,0.00611145639113,0.0223741454319,0.0438850908086,0.0256543056419
subject_1,7,WL,4,0.20662823908,0.00456394933544,0.187510807768,0.383914612164,1.87822255655,0.975328704478,0.0221616096548,0.124651791397
subject_2,1,MAV,1,0.11817942904,0.298540620828,0.271740215566,0.311344830529,0.114396393745,0.185333514246,0.253267673024,0.195960443509
subject_2,1,ZC,1,0.011412504135,0.0051273569302,0.0248097915978,0.167796890506,0.0675653324512,0.129755210056,0.0943599073768,0.161263645385
subject_2,1,SSC,1,0.00616601567298,0.00876999041934,0.0218144299506,0.0495983491783,0.024320141499,0.0512933893434,0.0177610730341,0.0388876605989
subject_2,1,WL,1,0.0976064333699,0.249496226939,0.252368213143,0.196937714765,0.177366704394,0.118759808409,0.333075323199,0.335666853921
subject_2,1,MAV,2,0.180323807117,0.313921162397,0.0175241613698,0.139443265441,0.113015189408,0.0336859867618,0.175102951384,0.495191562815
subject_2,1,ZC,2,0.156042128603,0.297579453067,0.0693828529194,0.198909830007,0.0630081300813,0.0117331855137,0.0790835181079,0.24667405765
subject_2,1,SSC,2,0.0552793357662,0.101569962527,0.0148913762277,0.00764162727473,0.0357833892576,0.0147199294619,0.012540106297,0.0541037008009
subject_2,1,WL,2,0.0502356295736,0.102243739645,0.0881833812722,0.045126439193,0.0549670349712,0.0590824091595,0.117529453723,0.385120765178
subject_2,1,MAV,3,0.185867161072,0.0442870156731,0.099142491172,0.0214570590794,0.105671874411,0.371597100996,0.0264316164519,0.000307628920165
subject_2,1,ZC,3,0.000917571494112,0.0797522556966,0.0315032879645,0.00290564306469,0.00779935769995,0.0390732527909,0.0155987153999,0.0574246826732
subject_2,1,SSC,3,0.000125539821231,0.0286230792407,0.00868735562921,0.00123029024807,0.00230993271066,0.0340966154464,0.0710304308527,0.0113236918751
subject_2,1,WL,3,0.196479225686,0.0220526924346,0.0968272279536,0.0575896989306,0.132033098865,0.378108264585,0.030567571558,0.0980536101531
subject_2,1,MAV,4,0.185867161072,0.0442870156731,0.099142491172,0.0214570590794,0.105671874411,0.371597100996,0.0264316164519,0.000307628920165
subject_2,1,ZC,4,0.000917571494112,0.0797522556966,0.0315032879645,0.00290564306469,0.00779935769995,0.0390732527909,0.0155987153999,0.0574246826732
subject_2,1,SSC,4,0.000125539821231,0.0286230792407,0.00868735562921,0.00123029024807,0.00230993271066,0.0340966154464,0.0710304308527,0.0113236918751
subject_2,1,WL,4,0.196479225686,0.0220526924346,0.0968272279536,0.0575896989306,0.132033098865,0.378108264585,0.030567571558,0.0980536101531
subject_2,2,MAV,1,0.126332623373,0.193573881622,0.11383965434,0.0808443186898,0.152704164254,0.187534878558,0.187646164691,0.392700228942
subject_2,2,ZC,1,0.0640378548896,0.0643533123028,0.0332807570978,0.0736593059937,0.0154574132492,0.0498422712934,0.0329652996845,0.160015772871
subject_2,2,SSC,1,0.00208290997765,0.00317516764885,0.0201940662467,0.0303038000406,0.0367303393619,0.0551463117253,0.028627311522,0.0561877667141
subject_2,2,WL,1,0.049042210826,0.120177936369,0.0936778705485,0.012528014065,0.170970988582,0.15836762876,0.191909091675,0.216176468259
subject_2,2,MAV,2,0.209694647053,0.357770780105,0.0801827997212,0.0678122749059,0.0472748605438,0.106920537777,0.160136311842,0.483782611528
subject_2,2,ZC,2,0.146345993128,0.274027300585,0.0818088959049,0.182189618349,0.0109573776581,0.138638685115,0.0812517411087,0.235862197047
subject_2,2,SSC,2,0.0397268321339,0.0853037646253,0.0118225877515,0.0130709355265,0.0177705977383,0.00878738923973,0.0200714740295,0.0591374161649
subject_2,2,WL,2,0.108370552464,0.197414729437,0.150153234134,0.10549903985,0.0367927616534,0.0161047767733,0.109534083587,0.381917146398
subject_2,2,MAV,3,0.0221217849824,0.136298617174,0.312189260385,0.366758401356,0.397519828163,0.435076736491,0.679084415219,0.695148537497
subject_2,2,ZC,3,0.00577789106976,0.00195428668536,0.119891239698,0.190585436316,0.190330529357,0.259920129153,0.451695131277,0.0333928116238
subject_2,2,SSC,3,0.00262512266928,0.00488223748773,0.0487242394504,0.0613837095191,0.0878312070658,0.0996565260059,0.26923454367,0.0133464180569
subject_2,2,WL,3,0.00100279610258,0.0907480371799,0.259487372227,0.283317580275,0.31559911991,0.325573772911,1.15635491721,0.671197135707
subject_2,2,MAV,4,0.0221217849824,0.136298617174,0.312189260385,0.366758401356,0.397519828163,0.435076736491,0.679084415219,0.695148537497
subject_2,2,ZC,4,0.00577789106976,0.00195428668536,0.119891239698,0.190585436316,0.190330529357,0.259920129153,0.451695131277,0.0333928116238
subject_2,2,SSC,4,0.00262512266928,0.00488223748773,0.0487242394504,0.0613837095191,0.0878312070658,0.0996565260059,0.26923454367,0.0133464180569
subject_2,2,WL,4,0.00100279610258,0.0907480371799,0.259487372227,0.283317580275,0.31559911991,0.325573772911,1.15635491721,0.671197135707
subject_2,3,MAV,1,0.0757394694395,0.167179526601,0.0276533047953,0.287216233436,0.376917724445,0.490278030526,0.212978768045,0.279089146046
subject_2,3,ZC,1,0.0520120273815,0.0271255837758,0.0642953106007,0.0831040880302,0.000127950866867,0.0322436184505,0.00390250143945,0.0523319045487
subject_2,3,SSC,1,0.00865621283774,0.000221245056556,0.0452722696977,0.0599574103266,0.00655438480046,0.0132193921292,0.00121684781106,0.00276556320695
subject_2,3,WL,1,0.0103546663681,0.114100588561,0.0261033575477,0.212848755202,0.379342593937,0.543851703607,0.223682852345,0.334137030694
subject_2,3,MAV,2,0.0498534927634,0.0103163867943,0.225787576637,0.260539707435,0.0366569326741,0.0516854386147,0.0384902355491,0.263439245843
subject_2,3,ZC,2,0.0931768674022,0.147284098096,0.091701215656,0.100344318741,0.0408966341086,0.0940903661022,0.00527018480781,0.0865012999789
subject_2,3,SSC,2,0.0258549479597,0.0314169282449,0.0487361638857,0.0629439947134,0.00713144996971,0.00316647392478,0.00327661214825,0.0267635883033
subject_2,3,WL,2,0.0820594051938,0.207209664141,0.0936180820258,0.130068678364,0.0334591566624,0.204890648228,0.0348325976313,0.184201642134
subject_2,3,MAV,3,0.0412435220264,0.243774703597,0.00724678865172,0.0586714854289,0.186362781538,0.428715877554,0.0077977786466,0.199348014138
subject_2,3,ZC,3,0.0365697015489,0.0828862863619,0.0145069890442,0.00158670192671,0.0413298073291,0.160634680771,0.0582546278806,0.0592368719305
subject_2,3,SSC,3,0.0242487875606,0.0418729063547,0.0105744712764,0.011199440028,0.0344982750862,0.0965451727414,0.0964951752412,0.0162241887906
subject_2,3,WL,3,0.0220967726415,0.166790569854,0.0151933932839,0.0781236780811,0.162535621311,0.340588556238,0.0180103869854,0.25328875688
subject_2,3,MAV,4,0.0412435220264,0.243774703597,0.00724678865172,0.0586714854289,0.186362781538,0.428715877554,0.0077977786466,0.199348014138
subject_2,3,ZC,4,0.0365697015489,0.0828862863619,0.0145069890442,0.00158670192671,0.0413298073291,0.160634680771,0.0582546278806,0.0592368719305
subject_2,3,SSC,4,0.0242487875606,0.0418729063547,0.0105744712764,0.011199440028,0.0344982750862,0.0965451727414,0.0964951752412,0.0162241887906
subject_2,3,WL,4,0.0220967726415,0.166790569854,0.0151933932839,0.0781236780811,0.162535621311,0.340588556238,0.0180103869854,0.25328875688
subject_2,4,MAV,1,0.0541310159408,0.121939267373,0.148483349493,0.23175019433,0.00237571335782,0.138621080784,0.303202594919,0.524354928384
subject_2,4,ZC,1,0.0467928083536,0.187328256261,0.0293632723561,0.0813378346549,0.0650074585852,0.23883175002,0.0928790138965,0.22250137395
subject_2,4,SSC,1,0.0198805573988,0.0501128069011,0.00246848042468,0.0200132714001,0.0197743861977,0.0590577305906,0.0349303251493,0.0899800928998
subject_2,4,WL,1,0.0379737303204,0.0295801829781,0.137234161909,0.170037536379,0.0629963142216,0.0817894538257,0.252443657998,0.417607225875
subject_2,4,MAV,2,0.101347096556,0.215974497338,0.130311506419,0.213625743564,0.33703393637,0.958691118576,0.0662420272222,0.103386359895
subject_2,4,ZC,2,0.0068443197756,0.00897615708275,0.0274333800842,0.0401122019635,0.126451612903,0.219074333801,0.0376437587658,0.0380925666199
subject_2,4,SSC,2,0.0098128293658,0.0191410745654,0.0064510267127,0.00475498213096,0.0383730086619,0.101187231207,0.00345266218426,0.0101762674905
subject_2,4,WL,2,0.106779324139,0.214861770163,0.111152503492,0.186218123205,0.123142098577,0.44165936815,0.0368035892902,0.071448138629
subject_2,4,MAV,3,0.0560858099302,0.119893506624,0.222356166177,0.350241094065,0.281325335302,0.123745623182,0.0246434213469,0.381624980428
subject_2,4,ZC,3,0.0948814946344,0.0633057978847,0.00254767235389,0.0281015980854,0.0184513240176,0.174940168301,0.366247201421,0.0888597236162
subject_2,4,SSC,3,0.0262213490504,0.0328487229862,0.0290766208251,0.0452128356254,0.00288146692862,0.0552717747217,0.200733464309,0.0328225278324
subject_2,4,WL,3,0.0135036192939,0.0923518743956,0.245989775532,0.332349208139,0.328862182875,0.0212331968153,0.261720559204,0.344508545658
subject_2,4,MAV,4,0.0560858099302,0.119893506624,0.222356166177,0.350241094065,0.281325335302,0.123745623182,0.0246434213469,0.381624980428
subject_2,4,ZC,4,0.0948814946344,0.0633057978847,0.00254767235389,0.0281015980854,0.0184513240176,0.174940168301,0.366247201421,0.0888597236162
subject_2,4,SSC,4,0.0262213490504,0.0328487229862,0.0290766208251,0.0452128356254,0.00288146692862,0.0552717747217,0.200733464309,0.0328225278324
subject_2,4,WL,4,0.0135036192939,0.0923518743956,0.245989775532,0.332349208139,0.328862182875,0.0212331968153,0.261720559204,0.344508545658
subject_2,5,MAV,1,0.185423771961,0.101472274703,0.0505229585236,0.0855042183555,0.110248059017,0.312386662625,0.234537287779,0.145304103247
subject_2,5,ZC,1,0.0218896287994,0.050042856201,0.0799103316411,0.0377134568471,0.0256477879607,0.0531416891936,0.0508340476033,0.161732709171
subject_2,5,SSC,1,0.00303172860802,0.0057759657101,0.0268412524175,0.0117871517432,0.023548167895,0.0457372850348,0.0218754900423,0.078798808217
subject_2,5,WL,1,0.220982570005,0.152749128723,0.1128602581,0.0959130839784,0.0971931851907,0.286529729777,0.28002535134,0.285893478619
subject_2,5,MAV,2,0.133752603526,0.22408800895,0.146596099533,0.328045189744,0.276828628187,0.143523337935,0.26715383193,0.577536047551
subject_2,5,ZC,2,0.0127687678873,0.085492037866,0.134218830263,0.219343949512,0.0669993395465,0.0564320833639,0.109268364277,0.187275262347
subject_2,5,SSC,2,0.0110809588422,0.0377657168702,0.0420624151967,0.0957083270516,0.037162671491,0.0175636966682,0.030679933665,0.0615106286748
subject_2,5,WL,2,0.132086398046,0.162807310295,0.00760819492254,0.156080627112,0.191902885167,0.201697275253,0.189378652564,0.506177894583
subject_2,5,MAV,3,0.172710581771,0.123251411359,0.139474913255,0.0874109744193,0.222840767471,0.373356353869,0.125658871766,0.0144910791525
subject_2,5,ZC,3,0.0434031111965,0.0656808142885,0.00108827859932,0.0101786057231,0.0141476217912,0.0128672940273,0.0189488509058,0.0684335189809
subject_2,5,SSC,3,0.00547880567279,0.0148373397646,0.021390935067,0.0203161454374,0.0171966340735,0.0186908538024,0.0598474323014,0.0182189949406
subject_2,5,WL,3,0.148457991087,0.0590214588033,0.143140474787,0.118639629301,0.241238081968,0.383903179633,0.0655282156613,0.0759592466564
subject_2,5,MAV,4,0.172710581771,0.123251411359,0.139474913255,0.0874109744193,0.222840767471,0.373356353869,0.125658871766,0.0144910791525
subject_2,5,ZC,4,0.0434031111965,0.0656808142885,0.00108827859932,0.0101786057231,0.0141476217912,0.0128672940273,0.0189488509058,0.0684335189809
subject_2,5,SSC,4,0.00547880567279,0.0148373397646,0.021390935067,0.0203161454374,0.0171966340735,0.0186908538024,0.0598474323014,0.0182189949406
subject_2,5,WL,4,0.148457991087,0.0590214588033,0.143140474787,0.118639629301,0.241238081968,0.383903179633,0.0655282156613,0.0759592466564
subject_2,6,MAV,1,0.115963065708,0.201568146541,0.0783540948543,0.182415448081,0.297807668114,0.25225196418,0.151114298647,0.0161693136171
subject_2,6,ZC,1,0.0698420147036,0.0659314875645,0.0112623181605,0.0263569529173,0.0106366338182,0.0287032692007,0.036446112936,0.120209604255
subject_2,6,SSC,1,0.0172963011715,0.0353034092405,0.0101092536528,0.04933526392,0.0221139923654,0.012847176517,0.000236935632486,0.0393049888114
subject_2,6,WL,1,0.0306124195999,0.115765651687,0.0805326952335,0.210439389685,0.330927180437,0.293364625039,0.184672554559,0.112578360183
subject_2,6,MAV,2,0.186891247834,0.282356885214,0.136683346112,0.0266823961227,0.0215386943068,0.146628835023,0.126194676826,0.402127228249
subject_2,6,ZC,2,0.135328505366,0.205479452055,0.0102957857081,0.0848966058808,0.018497513306,0.0749498298578,0.0682313934212,0.188988744438
subject_2,6,SSC,2,0.0443556596091,0.0695999592834,0.0244299674267,0.0199511400651,0.00463151465798,0.0335912052117,0.0196457654723,0.0475366449511
subject_2,6,WL,2,0.0737662978557,0.107353385532,0.147342852253,0.1340895946,0.0126550328175,0.069613130923,0.0739622324464,0.282079759106
subject_2,6,MAV,3,0.061589632867,0.121507173842,0.0275603911719,0.0429979297023,0.13326367182,0.334645306131,0.0105901222263,0.052520357792
subject_2,6,ZC,3,0.0116403863618,0.0277387930323,0.027573681169,0.0487079996698,0.0426814166598,0.152976141336,0.32444481136,0.0549822504747
subject_2,6,SSC,3,0.016018822116,0.00235276449829,0.000775911696243,0.012464645959,0.0219507921808,0.0527870247541,0.228518509248,0.0257802918429
subject_2,6,WL,3,0.081155536573,0.0692904448636,0.0330753965095,0.0479335715592,0.123099645236,0.258292082593,0.209846915598,0.109096498198
subject_2,6,MAV,4,0.061589632867,0.121507173842,0.0275603911719,0.0429979297023,0.13326367182,0.334645306131,0.0105901222263,0.052520357792
subject_2,6,ZC,4,0.0116403863618,0.0277387930323,0.027573681169,0.0487079996698,0.0426814166598,0.152976141336,0.32444481136,0.0549822504747
subject_2,6,SSC,4,0.016018822116,0.00235276449829,0.000775911696243,0.012464645959,0.0219507921808,0.0527870247541,0.228518509248,0.0257802918429
subject_2,6,WL,4,0.081155536573,0.0692904448636,0.0330753965095,0.0479335715592,0.123099645236,0.258292082593,0.209846915598,0.109096498198
subject_2,7,MAV,1,0.0883284754491,0.131018300535,0.0317339580634,0.0239070773672,0.263960737635,0.0974158176425,0.15776944804,0.186780984188
subject_2,7,ZC,1,0.0237548657551,0.0726619423096,0.0418205409722,0.0710649765446,0.157700369298,0.125411717736,0.0772532188841,0.166583491366
subject_2,7,SSC,1,0.0149090197613,0.0327137546468,0.00743494423792,0.00841322637449,0.0635883388769,0.0533359420857,0.0399921737429,0.0520446096654
subject_2,7,WL,1,0.0977030272482,0.0527983825626,0.0896230316999,0.102315985816,0.0809698961945,0.0239415303423,0.06802180443,0.0128055329316
subject_2,7,MAV,2,0.290636602323,0.0531974921187,0.320615544871,0.0524685022358,0.269633946657,0.238597022719,0.0772898626906,0.0542641170458
subject_2,7,ZC,2,0.151665383134,0.0957835964575,0.191807855218,0.0101559491721,0.196187909126,0.110030804775,0.0607912976511,0.0817770504428
subject_2,7,SSC,2,0.0268887021618,0.00187151478115,0.0397983347338,0.00202429149798,0.0268505079826,0.0150867007868,0.0232602551371,0.0357497517378
subject_2,7,WL,2,0.125576669463,0.0116039520601,0.101332947407,0.0669228917709,0.0542429155132,0.140559898272,0.0292293509794,0.0119062590636
subject_2,7,MAV,3,0.176288555811,0.0403546774786,0.149451550701,0.186815795667,0.426469665091,0.153583852659,7.87298276184,0.0681751167054
subject_2,7,ZC,3,0.0899203829942,0.0313784669824,0.0563563511474,0.0160274756726,0.115106416194,0.0429307384087,0.675963990217,0.00692095540407
subject_2,7,SSC,3,0.0256488201543,0.020785043888,0.00957555952426,0.00729566439944,0.0205570543755,0.00558574305582,0.164152448987,0.0210510316525
subject_2,7,WL,3,0.0904949173622,0.033375764075,0.0916400321915,0.204451779686,0.580806724295,0.135276547442,13.0812907355,0.0609702756901
subject_2,7,MAV,4,0.176288555811,0.0403546774786,0.149451550701,0.186815795667,0.426469665091,0.153583852659,7.87298276184,0.0681751167054
subject_2,7,ZC,4,0.0899203829942,0.0313784669824,0.0563563511474,0.0160274756726,0.115106416194,0.0429307384087,0.675963990217,0.00692095540407
subject_2,7,SSC,4,0.0256488201543,0.020785043888,0.00957555952426,0.00729566439944,0.0205570543755,0.00558574305582,0.164152448987,0.0210510316525
subject_2,7,WL,4,0.0904949173622,0.033375764075,0.0916400321915,0.204451779686,0.580806724295,0.135276547442,13.0812907355,0.0609702756901
subject_3,1,MAV,1,0.114438832053,0.182920859924,0.197545270171,0.347136741442,0.244507687621,0.0126570534846,0.202530780541,0.271501239748
subject_3,1,ZC,1,0.112553401249,0.174088070983,0.0893854748603,0.0847025961222,0.109842260927,0.0837988826816,0.117811370358,0.171952021032
subject_3,1,SSC,1,0.0136057837132,0.0501807410383,0.0256802891857,0.0242494226328,0.0345918264886,0.0342654885029,0.0397379254945,0.0506827994779
subject_3,1,WL,1,0.00878132270113,0.0386978835278,0.33809813209,0.475551847945,0.38807114617,0.0553168869907,0.317275113396,0.401617203644
subject_3,1,MAV,2,0.0136737545648,0.062684475182,0.0464620802513,0.0251975581088,0.587577783566,0.737881359541,0.393087492842,0.591591007441
subject_3,1,ZC,2,0.00494437577256,0.0467949849903,0.118665018541,0.169521455059,0.110100653364,0.0519159456119,0.161486844429,0.249867561363
subject_3,1,SSC,2,0.00438364447132,0.0145365681606,0.0169803239866,0.0399566674225,0.0544680422241,0.0434837376867,0.0467840677197,0.0681984228957
subject_3,1,WL,2,0.0115142202951,0.0260073519998,0.0939966482655,0.271338039122,0.430275550666,0.631872973433,0.305827673939,0.497393304383
subject_3,1,MAV,3,0.0401901609925,0.0671259564182,0.0397092799884,0.244242969403,0.29491346289,0.572828286429,0.224906789475,0.590191295313
subject_3,1,ZC,3,0.00586064684176,0.0447145647927,0.0751031039722,0.0252514289849,0.0234425873671,0.0136748426308,0.103103972216,0.0654077129007
subject_3,1,SSC,3,0.022885800112,0.010488264345,0.0286390713304,0.0153759991854,0.0190418003157,0.0118629397689,0.0404001832901,0.00142558932845
subject_3,1,WL,3,0.0619450507872,0.0175968745125,0.052775766986,0.271073471508,0.297442668969,0.586331182165,0.316498321702,0.630021612948
subject_3,1,MAV,4,0.0401901609925,0.0671259564182,0.0397092799884,0.244242969403,0.29491346289,0.572828286429,0.224906789475,0.590191295313
subject_3,1,ZC,4,0.00586064684176,0.0447145647927,0.0751031039722,0.0252514289849,0.0234425873671,0.0136748426308,0.103103972216,0.0654077129007
subject_3,1,SSC,4,0.022885800112,0.010488264345,0.0286390713304,0.0153759991854,0.0190418003157,0.0118629397689,0.0404001832901,0.00142558932845
subject_3,1,WL,4,0.0619450507872,0.0175968745125,0.052775766986,0.271073471508,0.297442668969,0.586331182165,0.316498321702,0.630021612948
subject_3,2,MAV,1,0.158180282125,0.133153171324,0.0242101584972,0.0210381872919,0.0908141513214,0.18062870946,0.771608245709,0.795051030746
subject_3,2,ZC,1,0.117775449625,0.129212502183,0.0231360223503,0.118386589838,0.150951632617,0.209184564344,0.137331936441,0.145800593679
subject_3,2,SSC,1,0.0418257636656,0.045744573955,0.00658159163987,0.00854099678457,0.0387861736334,0.0473522909968,0.0904089630225,0.0691318327974
subject_3,2,WL,1,0.0765339397846,0.0340629963247,0.0143249002729,0.1454200715,0.0330790798659,0.399322681821,0.546415720939,0.596224915576
subject_3,2,MAV,2,0.0101453163668,0.133540926417,0.0307524932996,0.130732390591,0.582086836437,0.561425294797,0.399392153397,0.61290882386
subject_3,2,ZC,2,0.070166136444,0.0265111346766,0.175680452457,0.221367974549,0.135383527748,0.126811594203,0.143071756805,0.19750795334
subject_3,2,SSC,2,0.0156755288948,0.00515934730554,0.0444345700955,0.0720333752993,0.0506307240366,0.0715396578538,0.0487299118714,0.0767730627762
subject_3,2,WL,2,0.0820452942957,0.173534253286,0.142817477293,0.426954048352,0.428245310183,0.383677813492,0.336492820608,0.546464242816
subject_3,2,MAV,3,0.0202468709732,0.222802884676,0.134874213558,0.237081326384,0.217716256915,0.0103732282786,0.376920216458,0.417131353183
subject_3,2,ZC,3,0.0296185808651,0.0901342424888,0.0201718872079,0.0733006605583,0.0174018041054,0.029689608637,0.0549754954187,0.0373606079977
subject_3,2,SSC,3,0.0112224970707,0.0276786876709,0.00690014321052,0.011352688452,0.0033068610858,0.0164301523239,0.00419216247884,0.0314802760057
subject_3,2,WL,3,0.0415620716689,0.297511048227,0.0896850945618,0.132079205302,0.2047760437,0.0692385846123,0.426388090444,0.448533718458
subject_3,2,MAV,4,0.0202468709732,0.222802884676,0.134874213558,0.237081326384,0.217716256915,0.0103732282786,0.376920216458,0.417131353183
subject_3,2,ZC,4,0.0296185808651,0.0901342424888,0.0201718872079,0.0733006605583,0.0174018041054,0.029689608637,0.0549754954187,0.0373606079977
subject_3,2,SSC,4,0.0112224970707,0.0276786876709,0.00690014321052,0.011352688452,0.0033068610858,0.0164301523239,0.00419216247884,0.0314802760057
subject_3,2,WL,4,0.0415620716689,0.297511048227,0.0896850945618,0.132079205302,0.2047760437,0.0692385846123,0.426388090444,0.448533718458
subject_3,3,MAV,1,0.140507464583,0.139070916993,0.146813380978,0.320615771335,0.159205267218,0.0283792234036,0.399776343127,0.553027976253
subject_3,3,ZC,1,0.0969592205547,0.122024043372,0.0187004007229,0.0151646106702,0.03857939813,0.0355936198633,0.0934234305021,0.245069537204
subject_3,3,SSC,1,0.0503718290882,0.0422097271526,0.0219469852046,0.00891353354235,0.0131630088358,0.0108828025808,0.0482730028762,0.0991889720934
subject_3,3,WL,1,0.0613038541435,0.0497485814106,0.154772911935,0.39742005843,0.246004205742,0.102730087007,0.35447622342,0.441993861013
subject_3,3,MAV,2,0.113950299103,0.308802830492,0.0321174297515,0.044383415147,0.0967970538905,0.472851774963,0.0261625390113,0.0222208098144
subject_3,3,ZC,2,0.0333581704591,0.0609273800653,0.0155900727919,0.0103169599358,0.0917636269846,0.202384364074,0.0349057144495,0.0612139622858
subject_3,3,SSC,2,0.0162494123178,0.0337917254349,0.000675834508698,0.0147802068641,0.0215385519511,0.0792783262811,0.00916784203103,0.0274447578749
subject_3,3,WL,2,0.0906918078802,0.252574436533,0.0140554791264,0.0597702183069,0.00932764639652,0.167630512616,0.0156789161504,0.0462245442737
subject_3,3,MAV,3,0.0387246518863,0.0400145657959,0.012786286294,0.175650468055,0.23464408301,0.451655360492,0.067857407706,0.434719489012
subject_3,3,ZC,3,0.0101575150891,0.049021051082,0.0440895039011,0.00655086118063,0.0270867069042,0.0914912409834,0.0338583836302,0.0117768290888
subject_3,3,SSC,3,0.00333055786844,0.0131400915903,0.00364279766861,0.0120992922565,0.0190726477935,0.0437135720233,0.028700041632,0.0283617818485
subject_3,3,WL,3,0.0501708111291,0.0129392478872,0.0739309803087,0.206731328077,0.233809578617,0.425840925774,0.136106757598,0.460165043389
subject_3,3,MAV,4,0.0387246518863,0.0400145657959,0.012786286294,0.175650468055,0.23464408301,0.451655360492,0.067857407706,0.434719489012
subject_3,3,ZC,4,0.0101575150891,0.049021051082,0.0440895039011,0.00655086118063,0.0270867069042,0.0914912409834,0.0338583836302,0.0117768290888
subject_3,3,SSC,4,0.00333055786844,0.0131400915903,0.00364279766861,0.0120992922565,0.0190726477935,0.0437135720233,0.028700041632,0.0283617818485
subject_3,3,WL,4,0.0501708111291,0.0129392478872,0.0739309803087,0.206731328077,0.233809578617,0.425840925774,0.136106757598,0.460165043389
subject_3,4,MAV,1,0.0495121816937,0.137871456513,0.0273081035179,0.0919303792374,0.0863652205962,0.160480107082,0.0408513204183,0.056515983547
subject_3,4,ZC,1,0.0661546517717,0.0808168964915,0.065514633153,0.119043463083,0.0143131436551,0.0161750160005,0.0165241170652,0.0413684761739
subject_3,4,SSC,1,0.0196401712368,0.0161980793706,0.0285780400324,0.0616684021752,0.0158220525281,0.0135948166146,0.00532222607891,0.00459909753558
subject_3,4,WL,1,0.0979147340114,0.216075405364,0.0399846059135,0.0426042239874,0.0577958592453,0.12865936583,0.0275626129635,0.0293946653181
subject_3,4,MAV,2,0.079682408873,0.189890604029,0.0384412893974,0.0617948936923,0.0219361192022,0.0389033224268,0.0529745329943,0.0935396424359
subject_3,4,ZC,2,0.0226531852589,0.026631305597,0.0300569092215,0.0909442510636,0.011105585944,0.034698049616,0.0127078844135,0.00237582186861
subject_3,4,SSC,2,0.00807674364357,0.0111966410077,0.00880569162585,0.0327151854444,0.00341147655703,0.00268252857476,0.00743526941917,0.00294494984838
subject_3,4,WL,2,0.105010938879,0.231194912338,0.0660773502351,0.139877228168,0.00937740148651,0.0112826375067,0.0475103977293,0.0928918138585
subject_3,4,MAV,3,0.0558383767122,0.129973940559,0.0442908675463,0.200671369226,0.237346869859,0.116088627834,0.0890572928508,0.134867635429
subject_3,4,ZC,3,0.0303960042811,0.0803424901891,0.00335354976811,0.00570816981805,0.00206921155904,0.0282554405994,0.00435247948626,0.0211915804495
subject_3,4,SSC,3,0.0113263469885,0.0286863554568,0.00137609823224,0.00179951307293,0.000635122261035,0.0145548851487,0.00344024558061,0.00399597755901
subject_3,4,WL,3,0.030872390724,0.0770416656015,0.0448620788346,0.181901831971,0.239303308705,0.144047646206,0.0858083598897,0.124606870058
subject_3,4,MAV,4,0.0558383767122,0.129973940559,0.0442908675463,0.200671369226,0.237346869859,0.116088627834,0.0890572928508,0.134867635429
subject_3,4,ZC,4,0.0303960042811,0.0803424901891,0.00335354976811,0.00570816981805,0.00206921155904,0.0282554405994,0.00435247948626,0.0211915804495
subject_3,4,SSC,4,0.0113263469885,0.0286863554568,0.00137609823224,0.00179951307293,0.000635122261035,0.0145548851487,0.00344024558061,0.00399597755901
subject_3,4,WL,4,0.030872390724,0.0770416656015,0.0448620788346,0.181901831971,0.239303308705,0.144047646206,0.0858083598897,0.124606870058
subject_3,5,MAV,1,0.0987216620481,0.0741354858174,0.114746234252,0.307550425583,0.0946501679938,0.0877858683707,0.053831009178,0.307764775993
subject_3,5,ZC,1,0.0790142635221,0.127524360966,0.078237537071,0.0607258861743,0.111213105494,0.112978392882,0.0317045615026,0.0683519276938
subject_3,5,SSC,1,0.0340695675175,0.049940484063,0.0169818807036,0.00037032138606,0.0380637481815,0.0219812194154,0.0306308689327,0.0322444121148
subject_3,5,WL,1,0.00166815499288,0.0835373853029,0.213421573777,0.388597958807,0.214302022082,0.181501198643,0.0879678806357,0.364393531454
subject_3,5,MAV,2,0.0228893547642,0.000243557683542,0.0624576216351,0.0480740060875,0.649455287333,1.25452763815,0.341340938621,0.482331180405
subject_3,5,ZC,2,0.0677320139075,0.0527547472586,0.0533565124365,0.0677320139075,0.117812249265,0.0831104573415,0.0472719978604,0.0076223589195
subject_3,5,SSC,2,0.0189120156513,0.0202706374654,0.0112765610565,0.0306505081246,0.0603771534156,0.0587196348025,0.0231780881474,0.0136133905766
subject_3,5,WL,2,0.0416771097484,0.0642383677074,0.129155557869,0.133759228229,0.451440920296,1.08267348458,0.317810690027,0.495530530009
subject_3,5,MAV,3,0.0278014195097,0.030402671039,0.0372409945894,0.254401834075,0.263297811723,0.312955038358,0.190393150077,0.0217126349009
subject_3,5,ZC,3,0.0121703853955,0.0170777988615,0.0617025453118,0.0304259634888,0.0400444938821,0.016423477066,0.150821173853,0.185631093372
subject_3,5,SSC,3,0.00185269715114,0.0154659936095,0.03246247617,0.0267701312998,0.0154122922428,0.00238971081814,0.0811159144,0.103348280214
subject_3,5,WL,3,0.035929276886,0.0103162232855,0.0394321706118,0.245851383999,0.252139394405,0.316221148127,0.0250653193534,0.178874316927
subject_3,5,MAV,4,0.0278014195097,0.030402671039,0.0372409945894,0.254401834075,0.263297811723,0.312955038358,0.190393150077,0.0217126349009
subject_3,5,ZC,4,0.0121703853955,0.0170777988615,0.0617025453118,0.0304259634888,0.0400444938821,0.016423477066,0.150821173853,0.185631093372
subject_3,5,SSC,4,0.00185269715114,0.0154659936095,0.03246247617,0.0267701312998,0.0154122922428,0.00238971081814,0.0811159144,0.103348280214
subject_3,5,WL,4,0.035929276886,0.0103162232855,0.0394321706118,0.245851383999,0.252139394405,0.316221148127,0.0250653193534,0.178874316927
subject_3,6,MAV,1,0.0495275231251,0.0464782715524,0.114137393078,0.270413922513,0.292042997168,0.303927284135,0.733768799764,0.652201124379
subject_3,6,ZC,1,0.0871666368355,0.142742079828,0.0123500984428,0.00196885627349,0.13262931806,0.209951673528,0.0988902810095,0.0771433685341
subject_3,6,SSC,1,0.0375074272133,0.0585511982571,0.0139136462666,0.00445632798574,0.056669637552,0.0749900970489,0.0672905525847,0.0333234303823
subject_3,6,WL,1,0.00971837455481,0.0859412404112,0.13195969713,0.273111078028,0.214347920782,0.18323292278,0.594446779533,0.591443428443
subject_3,6,MAV,2,0.0682467614727,0.0288565943872,0.0378097366555,0.150122591553,0.551071689701,0.62764669635,0.332343271277,0.512428979404
subject_3,6,ZC,2,0.0653736833305,0.0496572479518,0.10675472329,0.1497241264,0.137936799866,0.158251128574,0.105667948504,0.202390904531
subject_3,6,SSC,2,0.0185476504618,0.00616563483203,0.0337968131534,0.0407236374708,0.0590175581041,0.0938292905714,0.0433116817213,0.064548868365
subject_3,6,WL,2,0.000315966208413,0.0277293782607,0.0877167948113,0.351515844439,0.38843307432,0.391053306941,0.270381138941,0.423873574992
subject_3,6,MAV,3,0.0262293200198,0.146881730077,0.0870840271947,0.256697629882,0.148429474687,0.0929637105235,0.0247636400909,0.277377916578
subject_3,6,ZC,3,0.0150622685964,0.0615954224167,0.00378660383709,0.0138842140693,0.0803601480983,0.118394479973,0.0271794008751,0.0557892965332
subject_3,6,SSC,3,0.0157490331773,0.0322613474456,0.0043507022186,0.00567372277631,0.00951557093426,0.034907388561,0.00325666598819,0.024882963566
subject_3,6,WL,3,0.000641136291829,0.072112390696,0.0837174258344,0.23992422807,0.230321704831,0.213572417281,0.0590256917041,0.370818973321
subject_3,6,MAV,4,0.0262293200198,0.146881730077,0.0870840271947,0.256697629882,0.148429474687,0.0929637105235,0.0247636400909,0.277377916578
subject_3,6,ZC,4,0.0150622685964,0.0615954224167,0.00378660383709,0.0138842140693,0.0803601480983,0.118394479973,0.0271794008751,0.0557892965332
subject_3,6,SSC,4,0.0157490331773,0.0322613474456,0.0043507022186,0.00567372277631,0.00951557093426,0.034907388561,0.00325666598819,0.024882963566
subject_3,6,WL,4,0.000641136291829,0.072112390696,0.0837174258344,0.23992422807,0.230321704831,0.213572417281,0.0590256917041,0.370818973321
subject_3,7,MAV,1,0.0964952144371,0.0729612406378,0.101418638439,0.1087257972,0.260000191685,1.15438454779,0.00694078278498,0.0370353988821
subject_3,7,ZC,1,0.0520300561975,0.0798130959146,0.00751404937804,0.0147755256677,0.0654795731515,0.161204773631,0.0335922207489,0.0536086379996
subject_3,7,SSC,1,0.0154886709503,0.0141359485966,0.043422387555,0.019445383835,0.108725059182,0.164457220156,0.0158606695976,0.0069327020629
subject_3,7,WL,1,0.181172754099,0.0417267589118,0.102515145566,0.115855754094,0.177975520225,0.863534129261,0.0285742639306,0.0452109432624
subject_3,7,MAV,2,0.129149646381,0.248115083662,0.0561415283561,0.138250509022,0.1099231165,0.144610487199,0.124917292048,0.237163000474
subject_3,7,ZC,2,0.00490900383142,0.0629789272031,0.0674688697318,0.009219348659,0.0010775862069,0.0200550766284,0.0403496168582,0.126317049808
subject_3,7,SSC,2,0.029259182403,0.0476239883793,0.0202324133638,0.0172580756727,0.0155979802172,0.00646745521201,0.00290516704711,0.048696133361
subject_3,7,WL,2,0.138165384815,0.232658950649,0.000236874501766,0.152148147472,0.0766321694567,0.0953918986714,0.0679487546703,0.118285861812
subject_3,7,MAV,3,0.0592552766518,0.121463576335,0.0176546542975,0.326017341858,0.517788609699,1.01048740031,0.0306302066523,0.149733254593
subject_3,7,ZC,3,0.023188926838,0.0650728024447,0.0557253280604,0.0036551021631,0.10623764156,0.136317334771,0.00197735035053,0.150578225178
subject_3,7,SSC,3,0.0156409624124,0.0619297565787,0.00827843731285,0.0566456476556,0.0906048543347,0.134286821432,0.0428365096699,0.0446331067038
subject_3,7,WL,3,0.0378259560371,0.0288789938858,0.0590089188286,0.329817283955,0.3611993195,0.742504592491,0.0446155860437,0.0799101454805
subject_3,7,MAV,4,0.0592552766518,0.121463576335,0.0176546542975,0.326017341858,0.517788609699,1.01048740031,0.0306302066523,0.149733254593
subject_3,7,ZC,4,0.023188926838,0.0650728024447,0.0557253280604,0.0036551021631,0.10623764156,0.136317334771,0.00197735035053,0.150578225178
subject_3,7,SSC,4,0.0156409624124,0.0619297565787,0.00827843731285,0.0566456476556,0.0906048543347,0.134286821432,0.0428365096699,0.0446331067038
subject_3,7,WL,4,0.0378259560371,0.0288789938858,0.0590089188286,0.329817283955,0.3611993195,0.742504592491,0.0446155860437,0.0799101454805
subject_4,1,MAV,1,0.0233342591521,0.168437398769,0.0415008945598,0.0538965382239,0.0598291617814,0.255153895762,0.0958065320581,0.650001668391
subject_4,1,ZC,1,0.0735348779581,0.0364267129228,0.0433651344319,0.0389047206046,0.0431792838558,0.078800644282,0.0921818857638,0.220542683682
subject_4,1,SSC,1,0.0292439767377,0.0261146496815,0.0097756854057,0.00769869842149,0.0356134034893,0.0438936582664,0.0300193852119,0.0877042370534
subject_4,1,WL,1,0.0964348127217,0.216320853967,0.0603180311264,0.0551852415157,0.136383239239,0.394373174915,0.000178312927686,0.280103090723
subject_4,1,MAV,2,0.163958315756,0.187099252788,0.103265800848,0.0968064190616,0.160546615905,0.229252559662,0.294343169423,0.46593374501
subject_4,1,ZC,2,0.103727832067,0.137531668476,0.0246833152371,0.0870792616721,0.0892508143322,0.0607310893956,0.172276511039,0.272240318494
subject_4,1,SSC,2,0.0315317718615,0.0430293976418,0.0360401216454,0.00328122499066,0.0477778370592,0.00778957477458,0.0390812570026,0.0892866670224
subject_4,1,WL,2,0.0693694789746,0.0529497390936,0.0645211988932,0.0180019882389,0.0589225163987,0.172635904367,0.166927782251,0.305367572581
subject_4,1,MAV,3,0.0187841572414,0.0564483699949,0.0776219381779,0.0439744512286,0.192388814149,0.662150849737,0.0374282820374,0.108051819067
subject_4,1,ZC,3,0.0407459838739,0.0451160214193,0.0516403028251,0.0381608912415,0.0276358712378,0.0624115221272,0.0683203052871,0.0576721856343
subject_4,1,SSC,3,0.017832148256,0.0186439729019,0.0116454845753,0.0244947091428,0.0134091036336,0.0138850008398,0.0321650523487,0.0346005262863
subject_4,1,WL,3,0.0570795877563,0.0832532262086,0.0385020023172,0.035352522516,0.22092340592,0.775572958217,0.107476401792,0.025826114948
subject_4,1,MAV,4,0.0187841572414,0.0564483699949,0.0776219381779,0.0439744512286,0.192388814149,0.662150849737,0.0374282820374,0.108051819067
subject_4,1,ZC,4,0.0407459838739,0.0451160214193,0.0516403028251,0.0381608912415,0.0276358712378,0.0624115221272,0.0683203052871,0.0576721856343
subject_4,1,SSC,4,0.017832148256,0.0186439729019,0.0116454845753,0.0244947091428,0.0134091036336,0.0138850008398,0.0321650523487,0.0346005262863
subject_4,1,WL,4,0.0570795877563,0.0832532262086,0.0385020023172,0.035352522516,0.22092340592,0.775572958217,0.107476401792,0.025826114948
subject_4,2,MAV,1,0.0769141565935,0.51571139883,0.0339482075029,0.221818292702,0.069648232266,0.394013325321,0.0268714441417,0.482238317787
subject_4,2,ZC,1,0.000631965988739,0.228312076296,0.166953923934,0.239457658279,0.125588877399,0.245375157991,0.0576238078823,0.258359186487
subject_4,2,SSC,1,0.00491900288483,0.100969006583,0.0454545454545,0.0607663288705,0.0645387972483,0.103520970486,0.0168281677639,0.0967897033804
subject_4,2,WL,1,0.0858341716552,0.217734285105,0.0988865428474,0.0317182356463,0.0359256388007,0.112961422687,0.0193638397055,0.136909132986
subject_4,2,MAV,2,0.0441628482008,0.564536084133,0.102473659776,0.142437994941,0.252552690368,0.132251153821,0.0780708671498,0.125406948298
subject_4,2,ZC,2,0.0387174028739,0.262772751464,0.111096327834,0.116617881852,0.141232038318,0.0912054284194,0.0546833422033,0.0935337945716
subject_4,2,SSC,2,0.010036527498,0.120643157068,0.00331137131738,0.0515481514355,0.0123579012051,0.061448127539,0.0194927115693,0.0589219267402
subject_4,2,WL,2,0.0292094928833,0.211069311225,0.0107604794294,0.0312452742889,0.101157159593,0.0502015530233,0.0263735615088,0.0375283151503
subject_4,2,MAV,3,0.259710634822,0.0309210611947,0.0820131088159,0.273076231725,0.0712832543883,0.0532617410894,0.277991207056,0.201217073599
subject_4,2,ZC,3,0.201476950619,0.0125317022229,0.134119051171,0.364538266448,0.104430851857,0.14247351932,0.264060868268,0.169252573475
subject_4,2,SSC,3,0.0377631254187,0.0112831000317,0.0198512041183,0.0443919466874,0.0041253834491,0.0225662000635,0.0554634885935,0.0309580057121
subject_4,2,WL,3,0.114411863711,0.0399372092955,0.0234867318666,0.0360255895389,0.033042328428,0.229083531283,0.108157913584,0.0809823512048
subject_4,2,MAV,4,0.259710634822,0.0309210611947,0.0820131088159,0.273076231725,0.0712832543883,0.0532617410894,0.277991207056,0.201217073599
subject_4,2,ZC,4,0.201476950619,0.0125317022229,0.134119051171,0.364538266448,0.104430851857,0.14247351932,0.264060868268,0.169252573475
subject_4,2,SSC,4,0.0377631254187,0.0112831000317,0.0198512041183,0.0443919466874,0.0041253834491,0.0225662000635,0.0554634885935,0.0309580057121
subject_4,2,WL,4,0.114411863711,0.0399372092955,0.0234867318666,0.0360255895389,0.033042328428,0.229083531283,0.108157913584,0.0809823512048
subject_4,3,MAV,1,0.183801162971,0.383867624515,0.187404647915,0.256704272504,0.161279670015,0.383864266879,0.116252708785,0.0618470156183
subject_4,3,ZC,1,0.0480083099991,0.0887453707885,0.064899286424,0.0639960256526,0.000180652154277,0.0153554331135,0.0385240718996,0.0907325444856
subject_4,3,SSC,1,0.0491444354621,0.0871732686607,0.0419698194557,0.0452034492051,0.00468202640798,0.0239490703314,0.0259364052816,0.0844785772029
subject_4,3,WL,1,0.12950013617,0.2737516509,0.141112447451,0.199404738319,0.168961564634,0.372355386524,0.148363885866,0.144771938312
subject_4,3,MAV,2,0.0968319148936,0.158214070817,0.117804456775,0.304868357393,0.109848184726,0.0454854839663,0.239323762329,0.43763933467
subject_4,3,ZC,2,0.0248818739318,0.0510204081633,0.0285513220066,0.0844978385443,0.0120136724641,0.070121644717,0.0168392480145,0.00537850608224
subject_4,3,SSC,2,0.0126418750577,0.0206391682815,0.0109501399526,0.0511211589923,0.00968902832887,0.0631478576482,0.0107040693919,0.0143028513426
subject_4,3,WL,2,0.0634147540887,0.0949443278299,0.0931921408207,0.251183531965,0.11609045452,0.11140288806,0.232936615859,0.430473194002
subject_4,3,MAV,3,0.026387149801,0.099510076417,0.093697821321,0.174093428041,0.0458530546013,0.0203793693799,0.0801607124524,0.333042416116
subject_4,3,ZC,3,0.0936421389625,0.178480316142,0.100045020259,0.156370366665,0.00620279125607,0.0194087339303,0.0360662298034,0.0788354759642
subject_4,3,SSC,3,0.0526381052762,0.121272242544,0.0345650691301,0.0283960567921,0.0269390538781,0.0299770599541,0.0143530287061,0.0557691115382
subject_4,3,WL,3,0.0594380034765,0.0456901997177,0.208943525942,0.316148223873,0.0626369610407,0.058946236844,0.0518562622274,0.289661316331
subject_4,3,MAV,4,0.026387149801,0.099510076417,0.093697821321,0.174093428041,0.0458530546013,0.0203793693799,0.0801607124524,0.333042416116
subject_4,3,ZC,4,0.0936421389625,0.178480316142,0.100045020259,0.156370366665,0.00620279125607,0.0194087339303,0.0360662298034,0.0788354759642
subject_4,3,SSC,4,0.0526381052762,0.121272242544,0.0345650691301,0.0283960567921,0.0269390538781,0.0299770599541,0.0143530287061,0.0557691115382
subject_4,3,WL,4,0.0594380034765,0.0456901997177,0.208943525942,0.316148223873,0.0626369610407,0.058946236844,0.0518562622274,0.289661316331
subject_4,4,MAV,1,0.0438448041104,0.0860813944761,0.103504949602,0.234655752191,0.428039695139,0.512552451921,0.102607327845,0.520906288118
subject_4,4,ZC,1,0.011746031746,0.0383492063492,0.0951746031746,0.0606349206349,0.0845714285714,0.0863492063492,0.0331428571429,0.00920634920635
subject_4,4,SSC,1,0.017357355773,0.0313645836081,0.0517291408373,0.0272758447862,0.00633095043393,0.00237410641273,0.00213669577145,0.00691128755704
subject_4,4,WL,1,0.0193416599355,0.13275190283,0.00783000037634,0.302548860196,0.487939626914,0.565185668306,0.123374315619,0.535118070728
subject_4,4,MAV,2,0.0184579800729,0.0154618745797,0.0191079131929,0.0840185548099,0.666086759177,2.83440530304,0.316699621995,0.498673172956
subject_4,4,ZC,2,0.0184317963497,0.000960614793468,0.0828530259366,0.151777137368,0.0631003842459,0.0230547550432,0.0613592699328,0.0981628242075
subject_4,4,SSC,2,0.00330296441056,0.00594533593901,0.0282403457103,0.0621232556219,0.0362225097025,0.045663482976,0.0245795601552,0.0386171589001
subject_4,4,WL,2,0.0388463034543,0.0244159052717,0.0974579865407,0.218994691078,0.592643190739,2.84857819108,0.273348654953,0.454736139673
subject_4,4,MAV,3,0.227391906226,0.52298390328,0.0687906941272,0.127625496679,0.125629153381,0.0702977903368,1.27355494267,0.750983589132
subject_4,4,ZC,3,0.0136703636833,0.0459762703121,0.024761413464,0.140185710601,0.0176683002321,0.0201831312871,0.109233943771,0.155081248388
subject_4,4,SSC,3,0.0301046418031,0.0448886503891,0.0214113227797,0.0232895089885,0.0313388784545,0.0280922994365,0.104588140596,0.125784813523
subject_4,4,WL,3,0.223507768152,0.450155093679,0.0987383378282,0.0223908828779,0.121969232303,0.0506608186909,1.1113563549,0.540320411152
subject_4,4,MAV,4,0.227391906226,0.52298390328,0.0687906941272,0.127625496679,0.125629153381,0.0702977903368,1.27355494267,0.750983589132
subject_4,4,ZC,4,0.0136703636833,0.0459762703121,0.024761413464,0.140185710601,0.0176683002321,0.0201831312871,0.109233943771,0.155081248388
subject_4,4,SSC,4,0.0301046418031,0.0448886503891,0.0214113227797,0.0232895089885,0.0313388784545,0.0280922994365,0.104588140596,0.125784813523
subject_4,4,WL,4,0.223507768152,0.450155093679,0.0987383378282,0.0223908828779,0.121969232303,0.0506608186909,1.1113563549,0.540320411152
subject_4,5,MAV,1,0.0498097286119,0.136445642688,0.0455081002435,0.0386281616914,0.108626822937,0.394991680266,0.0831593967093,0.0699805243118
subject_4,5,ZC,1,0.0342312008979,0.0430415263749,0.026936026936,0.0396745230079,0.0047138047138,0.0158810325477,0.00583613916947,0.0201459034792
subject_4,5,SSC,1,0.0164257169723,0.016308180536,0.0150446638458,0.0257404795487,0.00834508697696,0.00188058298072,5.87682181477e-05,0.00146920545369
subject_4,5,WL,1,0.0855584539648,0.202144103852,0.0636902524576,0.0686250267959,0.120444713101,0.432465207854,0.0719453835421,0.040937536317
subject_4,5,MAV,2,0.0959004847921,0.183681935745,0.0717234328836,0.130763362436,0.0121112225118,0.00223093375725,0.0437668647988,0.128153776725
subject_4,5,ZC,2,0.00299268454888,0.0109731766792,0.00371314564398,0.00875637330969,0.0074817113722,0.00665041010862,0.00038794058967,0.0211150520949
subject_4,5,SSC,2,0.000146563095413,0.00128975523963,0.00510039572036,0.0114319214422,0.00389857833797,0.00237432214568,0.00126044262055,0.008881723582
subject_4,5,WL,2,0.0943421463494,0.178551970938,0.0780419954729,0.139516999631,0.0140155215495,0.0187690358351,0.0432396499367,0.108428975524
subject_4,5,MAV,3,0.0419619596342,0.0929338256155,0.0425562067565,0.108093247067,0.155487070856,0.599128293119,0.0713603480692,0.170919167106
subject_4,5,ZC,3,0.0101209725716,0.0248532758414,0.00790513833992,0.036950532998,0.0420409629896,0.0521619355611,0.0180261109115,0.0452149958079
subject_4,5,SSC,3,0.000599178269801,0.00399452179868,0.00308148824469,0.00807464049304,0.00282469755764,0.00114129194248,0.00964391691395,0.00271056836339
subject_4,5,WL,3,0.0411507519604,0.0875861347631,0.0429971630957,0.13656358987,0.184070895857,0.669525460329,0.0615592355752,0.14182360785
subject_4,5,MAV,4,0.0419619596342,0.0929338256155,0.0425562067565,0.108093247067,0.155487070856,0.599128293119,0.0713603480692,0.170919167106
subject_4,5,ZC,4,0.0101209725716,0.0248532758414,0.00790513833992,0.036950532998,0.0420409629896,0.0521619355611,0.0180261109115,0.0452149958079
subject_4,5,SSC,4,0.000599178269801,0.00399452179868,0.00308148824469,0.00807464049304,0.00282469755764,0.00114129194248,0.00964391691395,0.00271056836339
subject_4,5,WL,4,0.0411507519604,0.0875861347631,0.0429971630957,0.13656358987,0.184070895857,0.669525460329,0.0615592355752,0.14182360785
subject_4,6,MAV,1,0.0371118427605,0.223336481607,0.045292062559,0.275261779986,0.273486895728,0.328404886649,0.305989789623,0.685678936332
subject_4,6,ZC,1,0.0111795718732,0.0210887378517,0.00546274534714,0.0804166931335,0.0986470177222,0.102013593343,0.0318236676618,0.00597090770501
subject_4,6,SSC,1,0.0214474406926,0.0477074778333,0.011691470719,0.0350221013261,0.0636622812753,0.0612298276358,0.012894619831,0.01966887244
subject_4,6,WL,1,0.0181482852594,0.212948799779,0.0375851423126,0.226779394732,0.218457961286,0.276757657776,0.284418233756,0.689430007253
subject_4,6,MAV,2,0.0505213513275,0.117732116247,0.0458440079025,0.159548642473,0.65124071492,2.64588329708,0.210888673038,0.246760050776
subject_4,6,ZC,2,0.0472345334224,0.0419525226155,0.0484487887803,0.0879120879121,0.0499058952098,0.0137817983122,0.0524558314614,0.00382490437739
subject_4,6,SSC,2,0.00999199536283,0.00607248336968,0.0184934720804,0.0374009771178,0.0345579508129,0.0417069198708,0.0205912390626,0.00880510088603
subject_4,6,WL,2,0.0853012341459,0.150587109682,0.100962927822,0.236891682176,0.562190963109,2.59943135107,0.182711196721,0.25498835222
subject_4,6,MAV,3,0.071490340581,0.0742966660654,0.0408875783063,0.191008785067,0.0978517536911,0.0812257531101,0.0241939015179,0.440451526129
subject_4,6,ZC,3,0.0145185185185,0.00794074074074,0.0900148148148,0.175407407407,0.0490666666667,0.0178962962963,0.118340740741,0.143822222222
subject_4,6,SSC,3,0.0203538862353,0.0012483716891,0.0363927485888,0.0895570994355,0.0318606165871,0.0160660008684,0.0946048632219,0.0854049066435
subject_4,6,WL,3,0.08835499746,0.0730538838569,0.0430669983197,0.0024334195151,0.0586915276402,0.0653090700069,0.112885629153,0.509035560423
subject_4,6,MAV,4,0.071490340581,0.0742966660654,0.0408875783063,0.191008785067,0.0978517536911,0.0812257531101,0.0241939015179,0.440451526129
subject_4,6,ZC,4,0.0145185185185,0.00794074074074,0.0900148148148,0.175407407407,0.0490666666667,0.0178962962963,0.118340740741,0.143822222222
subject_4,6,SSC,4,0.0203538862353,0.0012483716891,0.0363927485888,0.0895570994355,0.0318606165871,0.0160660008684,0.0946048632219,0.0854049066435
subject_4,6,WL,4,0.08835499746,0.0730538838569,0.0430669983197,0.0024334195151,0.0586915276402,0.0653090700069,0.112885629153,0.509035560423
subject_4,7,MAV,1,0.0227641571078,0.167705673913,0.002764625995,0.199609033946,0.17607994585,0.270808340565,0.286313178612,0.652129862562
subject_4,7,ZC,1,0.0227339181287,0.059283625731,0.0356725146199,0.10014619883,0.0788011695906,0.144956140351,0.0561403508772,0.0110380116959
subject_4,7,SSC,1,0.0104049780679,0.0387381413853,0.0195348362746,0.0440426400082,0.0603386718352,0.0665357543609,0.00930837498725,0.0225696215444
subject_4,7,WL,1,0.00441955092206,0.13755942604,0.032271568942,0.126270239306,0.118684923587,0.187523330864,0.250247193018,0.656383766207
subject_4,7,MAV,2,0.0148717799712,0.0519574401909,0.033089656954,0.135437876795,0.652784520066,2.39083584252,0.267923581507,0.330185154778
subject_4,7,ZC,2,0.0574087423815,0.0574087423815,0.0606854970837,0.0521003997641,0.0935841142932,0.0531489612688,0.097843895406,0.0590471197326
subject_4,7,SSC,2,0.0128974205159,0.0156241478977,0.0105797022414,0.0184599443748,0.0450728036211,0.0592517860064,0.0301576048427,0.0178600643508
subject_4,7,WL,2,0.0638739970555,0.106363331377,0.085577758805,0.188024391626,0.504826331426,2.28345303583,0.205993900358,0.299226428589
subject_4,7,MAV,3,0.105930405425,0.0306495539051,0.0313442178554,0.0683151802559,0.115001392044,0.248651144166,0.0640618326241,0.448814706044
subject_4,7,ZC,3,0.0173872180451,0.0103383458647,0.0743823845328,0.166890440387,0.0510204081633,0.0296052631579,0.0912325456498,0.117749731472
subject_4,7,SSC,3,0.0226733112427,0.0219688470269,0.0397370000261,0.0966942364391,0.0332924570146,0.0160722206278,0.0733425522478,0.0629843191484
subject_4,7,WL,3,0.127126937533,0.0208872970424,0.0505418940132,0.116554432427,0.0773277662795,0.236419596559,0.138730593157,0.504991637576
subject_4,7,MAV,4,0.105930405425,0.0306495539051,0.0313442178554,0.0683151802559,0.115001392044,0.248651144166,0.0640618326241,0.448814706044
subject_4,7,ZC,4,0.0173872180451,0.0103383458647,0.0743823845328,0.166890440387,0.0510204081633,0.0296052631579,0.0912325456498,0.117749731472
subject_4,7,SSC,4,0.0226733112427,0.0219688470269,0.0397370000261,0.0966942364391,0.0332924570146,0.0160722206278,0.0733425522478,0.0629843191484
subject_4,7,WL,4,0.127126937533,0.0208872970424,0.0505418940132,0.116554432427,0.0773277662795,0.236419596559,0.138730593157,0.504991637576
subject_5,1,MAV,1,0.20547080457,0.471722037074,0.129593624032,0.247899835814,0.442211487925,0.152281903345,0.121901957373,0.26701918899
subject_5,1,ZC,1,0.0463709677419,0.0243768328446,0.0698313782991,0.0800036656891,0.0538856304985,0.119226539589,0.0276759530792,0.0794538123167
subject_5,1,SSC,1,0.0093336599706,0.02469377756,0.0135472807447,0.0152131308182,0.0445369916707,0.0121999020088,0.00274375306222,0.028392944635
subject_5,1,WL,1,0.153051632316,0.506168516199,0.0627751748295,0.165719190454,0.527033741743,0.299273948742,0.0850886444405,0.189631203914
subject_5,1,MAV,2,0.0839068738616,0.188853884306,0.00603239714202,2.311993706,0.383243949575,0.657101777228,0.225789187828,0.331109629286
subject_5,1,ZC,2,0.00447727781509,0.00619356764421,0.0285053354227,0.111558838893,0.121035743601,0.16319677636,0.065592119991,0.04648906798
subject_5,1,SSC,2,0.00475492841905,0.0075821831547,0.0467011077698,0.225229393168,0.0193795460971,0.0462898707174,0.0129796694682,0.02739866862
subject_5,1,WL,2,0.0741754558653,0.189416149791,0.0412898218662,2.17552220071,0.233605929811,0.392748682972,0.172630547566,0.29274918832
subject_5,1,MAV,3,0.0750740138306,0.201004627166,0.100126188562,0.0232572502001,0.0839628341148,0.285641405857,0.123831580109,0.00232841131471
subject_5,1,ZC,3,0.0465777216389,0.0696297465856,0.0247098760559,0.0164995658009,0.0052893344912,0.0561301018394,0.120707349807,0.134206994553
subject_5,1,SSC,3,0.00409459761273,0.00243194282453,0.0271236072164,0.00243194282453,0.0143683152592,0.0247661116212,0.0631808819515,0.0537508995707
subject_5,1,WL,3,0.0407806198404,0.152516615123,0.0756875637327,0.0547818166285,0.091096020075,0.369027947246,0.0023847617977,0.195308015543
subject_5,1,MAV,4,0.0750740138306,0.201004627166,0.100126188562,0.0232572502001,0.0839628341148,0.285641405857,0.123831580109,0.00232841131471
subject_5,1,ZC,4,0.0465777216389,0.0696297465856,0.0247098760559,0.0164995658009,0.0052893344912,0.0561301018394,0.120707349807,0.134206994553
subject_5,1,SSC,4,0.00409459761273,0.00243194282453,0.0271236072164,0.00243194282453,0.0143683152592,0.0247661116212,0.0631808819515,0.0537508995707
subject_5,1,WL,4,0.0407806198404,0.152516615123,0.0756875637327,0.0547818166285,0.091096020075,0.369027947246,0.0023847617977,0.195308015543
subject_5,2,MAV,1,0.0998730323311,0.0422837312482,0.158305914603,0.256672071485,0.0669294491338,0.225782646818,0.195951390606,0.330172816835
subject_5,2,ZC,1,0.0142144902938,0.108942399491,0.0893179166225,0.158056645805,0.16017821152,0.293518616739,0.022170361727,0.0638591280365
subject_5,2,SSC,1,0.011879692364,0.0581166453031,0.034494598059,0.0426203991943,0.0469923091009,0.110442226698,0.013848196301,0.0281999633767
subject_5,2,WL,1,0.105911615495,0.122054162089,0.0984450833113,0.160632383989,0.2133279115,0.0111471835744,0.178385145786,0.288272446969
subject_5,2,MAV,2,0.113982193772,0.20150374215,0.0404602996909,0.701502135304,0.353690671965,0.624946149841,0.380479016067,0.538340021185
subject_5,2,ZC,2,0.0480464146496,0.146496237875,0.0275586982141,0.108331066993,0.0908349197716,0.126461789502,0.124467410026,0.21430514006
subject_5,2,SSC,2,0.0371738238347,0.0617230308736,0.00929345595867,0.103434957878,0.0248388731986,0.0399739300456,0.035653076496,0.0505950225698
subject_5,2,WL,2,0.0850002219272,0.101037848159,0.0124892737987,0.971205329488,0.25213483892,0.445458418401,0.300362860801,0.443605109539
subject_5,2,MAV,3,0.169848580449,0.284905499023,0.108793143799,0.0290632044239,0.0655910504129,0.00520660444947,0.106049495248,0.236431682786
subject_5,2,ZC,3,0.0590838105154,0.0528370640292,0.0123199722367,0.0194343224015,0.0171785528371,0.106888773208,0.0326218983168,0.177251431546
subject_5,2,SSC,3,0.0402756356038,0.0404995273397,0.00773670331857,0.00164187272999,0.00689089009403,0.0141798099408,0.0139807950644,0.0580377133191
subject_5,2,WL,3,0.116011646731,0.227609596777,0.0906926721352,0.00530791863729,0.0941928518667,0.107276117422,0.0696677334048,0.088086079788
subject_5,2,MAV,4,0.169848580449,0.284905499023,0.108793143799,0.0290632044239,0.0655910504129,0.00520660444947,0.106049495248,0.236431682786
subject_5,2,ZC,4,0.0590838105154,0.0528370640292,0.0123199722367,0.0194343224015,0.0171785528371,0.106888773208,0.0326218983168,0.177251431546
subject_5,2,SSC,4,0.0402756356038,0.0404995273397,0.00773670331857,0.00164187272999,0.00689089009403,0.0141798099408,0.0139807950644,0.0580377133191
subject_5,2,WL,4,0.116011646731,0.227609596777,0.0906926721352,0.00530791863729,0.0941928518667,0.107276117422,0.0696677334048,0.088086079788
subject_5,3,MAV,1,0.0437699528546,0.972687716555,0.224836859046,0.221066338109,1.18260173276,0.739589486507,0.100741096622,0.190039437536
subject_5,3,ZC,1,0.0331409531743,0.169988695187,0.108585708336,0.112512643541,0.199678705301,0.0813946569882,0.0373653834712,0.0740167787232
subject_5,3,SSC,1,0.00650243483243,0.141248925809,0.0741334861071,0.0697794328273,0.192838728158,0.0834717845889,0.00240618733887,0.0264107705529
subject_5,3,WL,1,0.0930642609947,0.747396392362,0.0988266215775,0.0794567918348,0.825677487701,0.616301039563,0.0752364137254,0.135365740787
subject_5,3,MAV,2,0.0496176067931,0.276691076226,0.332463637432,3.60341408146,0.0488755601322,0.0559861311884,0.000193303687899,0.0633174015444
subject_5,3,ZC,2,0.00248598022779,0.022026941088,0.122217725617,0.300861421056,0.0435913742267,0.00797826212638,0.0217378736197,0.0232410244551
subject_5,3,SSC,2,0.00101437024514,0.0172161172161,0.0797689489997,0.308143138912,0.0423217807833,0.0187094956326,0.020315581854,0.0214426599042
subject_5,3,WL,2,0.0462712139339,0.246531728334,0.204050244103,2.46228216875,0.0218971179295,0.046123166335,0.0088612328091,0.0689165862087
subject_5,3,MAV,3,0.045928958141,0.0929385066703,0.0593045837424,0.0383263143615,0.0357899779989,0.118724548247,0.111575824155,0.00635160154589
subject_5,3,ZC,3,0.0115131578947,0.0222039473684,0.0255619517544,0.00651041666667,0.0178865131579,0.0560581140351,0.0574972587719,0.0456414473684
subject_5,3,SSC,3,0.0164484023049,0.0218438973284,0.0220796228392,0.00264536406496,0.0148768988999,0.0308538501833,0.0356731272918,0.0155316919853
subject_5,3,WL,3,0.0503737841281,0.0805755122739,0.0308613365031,0.0576054756788,0.0575767108121,0.180274906016,0.0484340678167,0.0884743081352
subject_5,3,MAV,4,0.045928958141,0.0929385066703,0.0593045837424,0.0383263143615,0.0357899779989,0.118724548247,0.111575824155,0.00635160154589
subject_5,3,ZC,4,0.0115131578947,0.0222039473684,0.0255619517544,0.00651041666667,0.0178865131579,0.0560581140351,0.0574972587719,0.0456414473684
subject_5,3,SSC,4,0.0164484023049,0.0218438973284,0.0220796228392,0.00264536406496,0.0148768988999,0.0308538501833,0.0356731272918,0.0155316919853
subject_5,3,WL,4,0.0503737841281,0.0805755122739,0.0308613365031,0.0576054756788,0.0575767108121,0.180274906016,0.0484340678167,0.0884743081352
subject_5,4,MAV,1,0.0536722062178,0.322554285807,0.00355604353167,0.000602095356458,0.226379095561,0.371933021624,0.0553645260558,0.127656725273
subject_5,4,ZC,1,0.0515055891319,0.0356206878109,0.0515055891319,0.102797240199,0.0508102904209,0.0398994491095,0.0179173129379,0.0162058084185
subject_5,4,SSC,1,0.0181534317027,0.0118777934244,0.0335517051368,0.0566950345925,0.0428274046409,0.0309802240862,0.0123369864691,0.0145105002143
subject_5,4,WL,1,0.103012820861,0.360858710545,0.0485714223691,0.0942481204085,0.166235541453,0.30887607864,0.0681717444213,0.143704147667
subject_5,4,MAV,2,0.0438709849455,0.197774290967,0.00333404298912,1.56666820449,0.0717240417034,0.160539179246,0.0862690476601,0.132538781906
subject_5,4,ZC,2,0.0437106743137,0.0361935519795,0.0613063088145,0.32373740186,0.0242218386324,0.0224400022273,0.00735007517122,0.00528982682777
subject_5,4,SSC,2,0.0200029810702,0.0154121329557,0.0438217320018,0.34496944403,0.012073334327,0.014189894172,0.0121627664331,0.0263526606052
subject_5,4,WL,2,0.0810216772952,0.228601958412,0.0576020180208,0.928461520758,0.0940423464107,0.190545964234,0.0903867715775,0.137788127979
subject_5,4,MAV,3,0.0267450358756,0.0851271538869,0.0173988220995,0.0637314418408,0.138718122956,0.351094684603,0.119276633404,0.174969412736
subject_5,4,ZC,3,0.031134729603,0.0487652391372,0.0165051578618,0.0437636761488,0.016880275086,0.0229446702094,0.0250078149422,0.0154423257268
subject_5,4,SSC,3,0.0157418117189,0.0262081417327,0.0113972973735,0.0419499534516,0.00891471774762,0.00358281377832,0.00335712472142,0.0102124298248
subject_5,4,WL,3,0.0586158733379,0.142785689459,0.0322039173404,0.0230563761147,0.124884650458,0.310565160233,0.108948958229,0.171721310635
subject_5,4,MAV,4,0.0267450358756,0.0851271538869,0.0173988220995,0.0637314418408,0.138718122956,0.351094684603,0.119276633404,0.174969412736
subject_5,4,ZC,4,0.031134729603,0.0487652391372,0.0165051578618,0.0437636761488,0.016880275086,0.0229446702094,0.0250078149422,0.0154423257268
subject_5,4,SSC,4,0.0157418117189,0.0262081417327,0.0113972973735,0.0419499534516,0.00891471774762,0.00358281377832,0.00335712472142,0.0102124298248
subject_5,4,WL,4,0.0586158733379,0.142785689459,0.0322039173404,0.0230563761147,0.124884650458,0.310565160233,0.108948958229,0.171721310635
subject_5,5,MAV,1,0.0258495219116,0.236726931183,0.306902780828,0.432222993724,0.318517208671,0.555998403054,0.31303637426,0.603159420981
subject_5,5,ZC,1,0.00360655737705,0.143606557377,0.0711475409836,0.143032786885,0.224590163934,0.325081967213,0.0250819672131,0.0176229508197
subject_5,5,SSC,1,0.00342170750383,0.099420941807,0.0426636676876,0.0691041347626,0.117486600306,0.146008805513,0.0164385528331,0.00406776416539
subject_5,5,WL,1,0.00963870400272,0.143698737489,0.273877067556,0.361459129866,0.189871954309,0.432502019134,0.340086743546,0.623280562664
subject_5,5,MAV,2,0.0976305524342,0.137518462095,0.160185622132,0.0410469092584,0.74465870875,2.02014747384,0.54116975032,0.578979974528
subject_5,5,ZC,2,0.0265280794291,0.0276140242011,0.0438256282966,0.00240459199504,0.0703537077257,0.0774123487434,0.201908160099,0.0985882717965
subject_5,5,SSC,2,0.00465842356964,0.00178407711178,0.0214337041901,0.0462868895111,0.0397700522834,0.0525807170999,0.0816958644101,0.0635825259558
subject_5,5,WL,2,0.0753424285918,0.122400126205,0.114233957426,0.0951587417593,0.648878571032,1.88840107376,0.451963915464,0.538811330948
subject_5,5,MAV,3,0.376910419791,0.613096733139,0.017042801525,0.134545592558,0.0464959761294,0.0913259604106,0.114680823812,0.373115583434
subject_5,5,ZC,3,0.0645032848895,0.074590218329,0.0393523126949,0.0507001128144,0.0933041343155,0.113544362599,0.0860043798527,0.0587298427235
subject_5,5,SSC,3,0.0392959693715,0.0343507391258,0.0193289375731,0.0359459746889,0.0238221844092,0.0274114644262,0.041263426566,0.0152079123684
subject_5,5,WL,3,0.326424779073,0.538407201632,0.0154433868433,0.0944224032393,0.0478783719626,0.220736680968,0.189528572094,0.409711509266
subject_5,5,MAV,4,0.376910419791,0.613096733139,0.017042801525,0.134545592558,0.0464959761294,0.0913259604106,0.114680823812,0.373115583434
subject_5,5,ZC,4,0.0645032848895,0.074590218329,0.0393523126949,0.0507001128144,0.0933041343155,0.113544362599,0.0860043798527,0.0587298427235
subject_5,5,SSC,4,0.0392959693715,0.0343507391258,0.0193289375731,0.0359459746889,0.0238221844092,0.0274114644262,0.041263426566,0.0152079123684
subject_5,5,WL,4,0.326424779073,0.538407201632,0.0154433868433,0.0944224032393,0.0478783719626,0.220736680968,0.189528572094,0.409711509266
subject_5,6,MAV,1,0.0181606785554,0.151740305749,0.123887501614,0.223458225518,0.141160821791,0.346973538281,0.276878501298,0.568694967016
subject_5,6,ZC,1,0.0913959041899,0.12692669513,0.0877776973732,0.140024603806,0.0442144873001,0.0873435125552,0.112236775454,0.180403791881
subject_5,6,SSC,1,0.0230465623361,0.0116474841986,0.0573541994425,0.0894261819988,0.0266622505589,0.00590654411968,0.0652203913775,0.0974855786481
subject_5,6,WL,1,0.0653051380475,0.271322869528,0.0143148337517,0.0318109549438,0.195565638934,0.466791810165,0.129249312953,0.279622628645
subject_5,6,MAV,2,0.0700525649541,0.124290773727,0.0536271583769,0.190089503029,0.215919390704,0.0102720019218,0.301734032686,0.44684604373
subject_5,6,ZC,2,0.0607387819188,0.143789769441,0.0151227171308,0.0585901991571,0.06404429386,0.0138005123544,0.108172878275,0.173787290307
subject_5,6,SSC,2,0.0328220225183,0.0579485590332,0.0190837723376,0.0956770994732,0.0268309058982,0.00335709120959,0.0282512137176,0.0337000309885
subject_5,6,WL,2,0.0157140495697,0.00625070169409,0.0455286137182,0.302085272205,0.139162989487,0.0052956195237,0.220047102977,0.347746339211
subject_5,6,MAV,3,0.0506438142489,0.00322147972975,0.0526378286463,0.0973772588893,0.250291668125,0.610109465367,0.0242767824224,0.0970369455272
subject_5,6,ZC,3,0.00268841294023,0.0649699793888,0.0263464468142,0.0122770857604,0.00394300564567,0.112465274666,0.0734832870329,0.215789945336
subject_5,6,SSC,3,0.0156390302305,0.0154893744388,0.0193804250224,0.0221739998005,0.00394093584755,0.0108001596328,0.0128205128205,0.0613838172204
subject_5,6,WL,3,0.0487043543506,0.0535308830293,0.028637614229,0.122919975274,0.267943975957,0.791701743948,0.112441996149,0.11176086054
subject_5,6,MAV,4,0.0506438142489,0.00322147972975,0.0526378286463,0.0973772588893,0.250291668125,0.610109465367,0.0242767824224,0.0970369455272
subject_5,6,ZC,4,0.00268841294023,0.0649699793888,0.0263464468142,0.0122770857604,0.00394300564567,0.112465274666,0.0734832870329,0.215789945336
subject_5,6,SSC,4,0.0156390302305,0.0154893744388,0.0193804250224,0.0221739998005,0.00394093584755,0.0108001596328,0.0128205128205,0.0613838172204
subject_5,6,WL,4,0.0487043543506,0.0535308830293,0.028637614229,0.122919975274,0.267943975957,0.791701743948,0.112441996149,0.11176086054
subject_5,7,MAV,1,1.09213136407,5.52672482811,0.714909808758,1.58659925262,6.93819005331,4.77061892117,0.226992007926,0.296894854467
subject_5,7,ZC,1,0.134690961058,0.148910325116,0.117613433369,0.140264380136,0.148481600572,0.139406931047,0.0648088603073,0.116898892462
subject_5,7,SSC,1,0.251982716184,0.32749001805,0.185691626101,0.269840835749,0.326259366625,0.305201553356,0.0737023464421,0.15446042772
subject_5,7,WL,1,0.862924480599,4.77400985563,0.572034501632,1.30415613833,5.94277249356,4.00924026207,0.183282391306,0.210480681997
subject_5,7,MAV,2,0.345831657228,0.274982365742,0.451023597998,6.82010101947,0.561230475806,0.738473517948,0.1387236002,0.256889033542
subject_5,7,ZC,2,0.00453514739229,0.00050390526581,0.000251952632905,0.000335936843873,0.0379608633577,0.25153271185,8.39842109684e-05,0.000251952632905
subject_5,7,SSC,2,0.062901560953,0.0167681321228,0.0218027848581,0.028733331929,0.110741294685,0.286490699585,0.00920562027343,0.0147037138463
subject_5,7,WL,2,0.330295650574,0.271640239353,0.439656687304,6.74908964891,0.538379491167,0.688542243007,0.133523252127,0.252911234796
subject_5,7,MAV,3,0.487696280643,0.0810744586537,0.173487319085,0.753717820668,0.770431990674,0.106989764299,0.234501102417,0.0228081923375
subject_5,7,ZC,3,0.0676296782666,0.0124753775443,0.00599146421536,0.0183026920552,0.00820748522653,0.00820748522653,0.00607353906763,0.0210111621799
subject_5,7,SSC,3,0.140932023367,0.0274606124978,0.0114179500797,0.0424853956452,0.0200035404496,0.0378606833068,0.0423968844043,0.0326163922818
subject_5,7,WL,3,0.468746330512,0.0733377126653,0.171657430695,0.712930030594,0.744511122031,0.111348928885,0.250914503474,0.0235040312191
subject_5,7,MAV,4,0.487696280643,0.0810744586537,0.173487319085,0.753717820668,0.770431990674,0.106989764299,0.234501102417,0.0228081923375
subject_5,7,ZC,4,0.0676296782666,0.0124753775443,0.00599146421536,0.0183026920552,0.00820748522653,0.00820748522653,0.00607353906763,0.0210111621799
subject_5,7,SSC,4,0.140932023367,0.0274606124978,0.0114179500797,0.0424853956452,0.0200035404496,0.0378606833068,0.0423968844043,0.0326163922818
subject_5,7,WL,4,0.468746330512,0.0733377126653,0.171657430695,0.712930030594,0.744511122031,0.111348928885,0.250914503474,0.0235040312191
